following_error_abs_pulse,motor_temp_c,drive_temp_c,vibration_rms_g,bearing_bpfo_amp,bearing_bpfi_amp,torque_error_nm,current_rms_a,network_jitter_ms,ethercat_sync_error_us,digital_twin_pos_residual,digital_twin_speed_residual,health_index,rul_sec
109.68272896157123,60.78258036617314,50.66724319351918,0.17211798197556846,0.4737656411608001,0.3944875823554951,0.35485977955345854,4.863375181130335,0.6803182920235671,11.164629732644961,77.34987906743505,147.86163757785002,62.20381472906119,103.45661676259769
116.24606555091975,60.117386612618596,53.87580519039813,0.17311942408590392,0.4288883770696688,0.3827356660480523,0.4032742062305337,5.202872692375895,0.6794689111732715,10.304255299394091,81.87424972081465,155.53103136337887,61.12506479892445,104.45414701776544
119.9400560144394,54.03512022937493,56.2579030410089,0.1790339260958838,0.4425499657150918,0.39016291584957014,0.34448068518045144,5.012393636232009,0.760372080239704,10.117734257988607,73.21325012771452,151.1141022504913,68.18393629712952,99.44869461599755
109.73312509439532,56.51026817190133,49.594121982879706,0.17852176405892617,0.4740089833133291,0.39290502446797204,0.37904775059396717,5.067181912690895,0.7279797878780988,9.532225261791405,82.54762711982292,150.92661973784365,63.99380940323837,98.47270518823716
108.80421233707644,58.856996588950835,55.32417848074821,0.1793097849625298,0.4522620127251097,0.40974878158134936,0.35733517514247054,4.792019083638289,0.6708164071420133,9.54270951653566,78.21029251685775,150.06618187338498,63.216919697396314,97.57712344756906
115.31014825701851,61.015057844435546,53.23619221465246,0.18147064495418735,0.4277320138361238,0.3719345806775428,0.3696876057307123,5.029981566070527,0.7379325395036198,9.962278194583746,77.66359697404644,146.53709820617917,66.6597828248363,108.81110382150146
110.29233005294601,57.8597873953032,53.89488238199515,0.1900635105690728,0.4579153328879377,0.37196738012553016,0.35665921910962906,5.334723162095987,0.7457885028091359,10.250017605913005,82.38301417363587,142.30114101698356,62.993442001443036,104.88086659013061
114.0669820780768,60.29039873293304,53.499932196983366,0.17755555740302623,0.46598133174955503,0.3788733062937756,0.3534677611272103,5.022447087055038,0.6420474577437341,10.110496923073784,77.63266450940696,156.0023187674216,63.18799076989223,100.94513742409961
118.00706137550912,59.20118278226795,51.48379190289457,0.18090304632383572,0.44437157207236727,0.4135766579250838,0.32322575547093074,4.691365443424589,0.7178908797225555,9.655809325447509,82.26963787398012,144.77284437275028,65.77738431294354,105.5197137196785
112.80086249115595,57.651903478349,51.123914006167105,0.18401370090738312,0.45505378154353854,0.37835693107138024,0.3620896468422884,5.03921469848152,0.7224927268148069,10.62178310155641,80.57104794700834,152.0244316903961,63.863086307970505,101.49149389605344
115.44147220382446,61.23347810068612,56.721119315738356,0.17788611662805387,0.4394051453612032,0.4199806018467311,0.3173338114435645,4.815940885768816,0.7039962061440421,10.582567627481277,82.50796690378364,152.66276694113873,65.83971238113263,100.72075365238014
98.34772004011624,57.599046234357054,49.71139527294967,0.17749746632214258,0.47587157537357,0.4119816921180477,0.35123325013419077,4.947054753284821,0.647511815292549,9.955615100176654,83.47525198449063,158.74116617389691,67.0630297873238,100.89853706421954
115.24945988412658,57.317074730340636,52.48702173784488,0.1811296828578164,0.49045630593975637,0.40184158314174684,0.3670342127019272,5.066332658256161,0.7272174829896525,11.319255058885458,81.54613501718718,149.73006044652084,62.82670909894912,98.19415510567374
109.20816506142462,63.38212944098693,55.26183812783817,0.18170666161903823,0.4530739875864265,0.3750000715491507,0.35027497007080144,4.816093792442025,0.6659249819584057,10.469515137735685,79.58093712251468,155.85583792170831,64.19527092851293,92.97333152657451
105.32469368556809,62.9464837954798,52.0585783076978,0.17557398909190322,0.43949777004505325,0.3982611995470938,0.3644175520851046,4.957727769839505,0.7024136730804013,9.550238201711274,82.76703369316388,157.1126860529642,64.94156882644724,102.76378666970501
109.27426870808942,60.48130576796544,53.76939672565228,0.18213827435360488,0.46581674205154083,0.3971355995373959,0.3763620307253307,5.368229763180799,0.7105903370716056,9.778890064747415,81.73115823152786,163.52817390151344,59.7648085958632,100.78883173367464
104.07925547900967,62.36368787219105,52.399695143045214,0.1814897518028477,0.45437259510782213,0.39008034701190425,0.371373427849607,5.221186555362723,0.6956417997953436,9.301656051101594,79.67789203267759,158.77060618199596,67.11536123096505,98.09856301078183
104.14786386227128,58.62135772604914,50.74091137266429,0.18095282711848082,0.452886641835091,0.3712231523265062,0.3530899847868762,4.889546902779892,0.7177903004765323,10.10641612503949,85.782802053595,157.9532716444275,62.216956499005384,98.94357612230694
99.80303844093143,59.48825409019607,53.369890964776694,0.18429315110173772,0.4323474596749725,0.3844603606165702,0.351652432481451,4.571951039851797,0.7121006623093689,9.509178314938787,80.25516385313243,149.26847214065165,66.45456640900522,95.01214710419204
106.81102487214427,60.81875924911941,52.27518904172102,0.17245716028715968,0.4370819714029878,0.3802722149274713,0.3696831387894848,4.935456337077338,0.7484592227839928,10.783771507984863,79.68799334192116,153.79599702778083,62.16105293265207,101.01406698552364
103.1786148158811,60.8329506604438,51.0246948190819,0.18346764015783396,0.4313165873359476,0.3852899230384597,0.3551498536625895,4.91682243410276,0.677810178621895,10.484081472028755,84.37687892455565,140.78684185520282,66.69106591273616,100.97194013921369
106.00279510726625,61.236896055865884,53.62430040694664,0.17689761230762346,0.4359205624822531,0.4017832332200855,0.34772203657727024,4.893056688173289,0.6933672461704619,10.51958254422865,86.49915156661707,136.78733449599696,64.15231540196142,96.7946655517223
114.0471141337341,57.37029482495207,51.56743842732173,0.17894656203223183,0.4469895946836454,0.3843899851760775,0.3363665550696725,4.96478222147255,0.7117879437392813,10.477932987033565,83.12723442004679,144.27280818286428,63.22865798165469,95.75944772236195
110.29275519776634,62.05937776601177,52.70027282116795,0.17794680888314296,0.4393007577660655,0.37778375472811454,0.34895490145253977,4.822414083863045,0.8124234145394893,9.421370409461183,81.8376950919706,150.82399210429492,67.12126668087787,100.2538925279803
103.56383343522059,57.8145421881039,51.22217240386392,0.17432181213789966,0.48640237992595614,0.4309346016350161,0.34977455829779863,5.242839669593895,0.8047932975649668,9.056961186963685,79.08091993996311,147.04169074964315,64.53862656686368,98.32622892287077
112.27127596044362,59.962457380502315,55.143424712392374,0.18153522775740907,0.4479549415883429,0.4095727226305833,0.3364438760855605,4.909361210746584,0.6294778009920503,9.85456173745836,83.73455178979117,151.4869486385605,65.84015257385501,98.11012187515608
114.98265449342418,65.47154583915078,54.048169118860685,0.1893397573749519,0.44194791621449087,0.43854663019954265,0.35799413413258735,5.018064091293007,0.7262741351919199,10.322814757665153,73.63437561174189,157.55285057154038,63.71665338868403,97.1575545985972
110.12574308803796,62.17181099782757,52.784780383799436,0.18052270707679355,0.45183856387206733,0.41726201093689225,0.3560144250951667,5.354700184327628,0.8481504592399034,10.013487343803844,81.3032306550088,144.92971127397615,65.96311659973729,97.68086053914301
110.0652848659929,59.08449587304494,51.88672504408947,0.1857704413518926,0.47047839596143454,0.3887489047147827,0.3237905572566154,4.9521799178954495,0.7037540382088341,10.356109816963764,82.12524180774882,143.03121349281875,66.86317809539997,86.95329683254519
109.42725863810578,60.827383853466,51.76011714307507,0.17565893752998996,0.47315033279806223,0.4085965293010644,0.3268422659069122,4.800823336364703,0.7709757683621197,9.749365844354118,83.72764275853756,152.9130752182938,65.97664747285246,97.96353187127424
104.90779198410091,58.614017353143176,51.83003860639056,0.1760592255316233,0.4295369034468468,0.4029538978217452,0.36360407497562924,4.7386193441713065,0.7379013300509717,9.919132381872064,76.86529624958875,148.18183078135377,66.10279989866471,101.47536486258522
115.18598918198467,58.73833933999676,50.402941732957146,0.1793914142466868,0.4313608112997366,0.40560572443718923,0.36736010792128715,5.083248478458149,0.6295123932727666,8.93931807873026,82.2480591635925,145.61163126820506,64.07692661236055,89.98706907694103
112.28899964960131,58.43781804800698,55.133877022709925,0.17667811525863647,0.43116711246567474,0.40919618565275684,0.3708111023245851,4.9973329628621475,0.6931631771586251,9.959455582816071,75.08303476007485,156.03546665379872,66.65991086311003,103.43920591243051
109.49386107907443,59.42221055176971,50.46889556974453,0.1758416206900546,0.44657551278003244,0.3978105106836303,0.35552091258507973,5.314648799994063,0.6756420156538845,9.634663093091449,87.22159992221717,145.47389429754926,68.11082039666402,94.5593203084296
109.654465121876,60.14413567790907,53.936023965069076,0.1830635142885133,0.450745837665655,0.4163063921757101,0.35061538849027074,4.733124158775805,0.7315642312388655,10.846883896084192,78.65147269748041,146.05617942154376,63.627694267218295,106.77834058462204
109.14715315210002,61.47171750503027,53.917844985261596,0.18201199929341183,0.48231646846313736,0.4169116327244686,0.33494690959190504,4.876737845295634,0.8002505458604745,10.171041179598149,78.81676856760126,148.64661820650355,64.11337278067418,102.74714333145478
117.36860194140239,64.65038853612624,51.64938452021097,0.18374820469734812,0.4796306611579202,0.3596102743926219,0.3576510122126687,4.945658122194052,0.6342516651568315,10.55664472587263,73.99058328256629,151.57818295990631,62.80705727864503,94.22228783164367
108.39609879473305,61.15467908917204,51.9033283912606,0.18013659949911756,0.4348398528805533,0.4069120502045977,0.32379174219094325,5.070756355676292,0.6590738265557554,9.157316226627731,81.38826096053005,152.50865692889263,61.79556084740823,103.17250931560353
101.30081065088173,60.7507307298434,49.51771572266699,0.17858746087380625,0.40300276679373653,0.40823415783786066,0.31156858988055947,4.850085525352264,0.6995883965349193,9.279402752436837,78.76020938864028,148.31589825914872,65.0474754370098,97.86104922821612
110.54218828197641,57.84354389477777,51.69905025524385,0.17749459930299483,0.4204823003868901,0.3896003516466268,0.3503148314022548,4.695867183139669,0.6936805057988634,9.341149966884212,81.53563260628447,142.2437844179751,61.54840072011297,106.77026367226216
114.32681414124102,62.829243672167486,50.906441789052316,0.18482087948092407,0.43306036632746736,0.4283719988108314,0.34737621538460633,5.2902648928702725,0.7358641169528531,9.767305989999715,77.5042953603504,147.03131091232967,64.9260681352706,97.52884942299067
113.20850112098432,60.47962449756946,53.838974325609485,0.17924533245025803,0.44787475558683554,0.40649849714141495,0.37756863703811183,4.65443752416417,0.7245952923488245,9.822799254266194,81.70760338973366,158.73033007122694,65.37063651327945,105.00185856189404
107.87365281305892,63.45385858044527,50.76957869915587,0.18555963738449524,0.46087527464293876,0.4258807728238227,0.33288270746994114,4.835210938580947,0.6690279638938891,9.466083578674015,77.24693863013414,157.7847887384788,65.53090692117381,100.62769449108605
101.63513562386531,60.41196326230878,50.86843062601892,0.1847960834353936,0.4248713067881573,0.4294175069202692,0.3357829405622708,4.585255840897565,0.6677309209859841,10.035815662360275,80.44644127863205,154.76462884250722,65.20830715022747,99.00830537904878
120.25051896490874,63.69271948625277,53.363335545746104,0.19061466554958528,0.46618350454109087,0.4253914988375745,0.3356025390039009,5.2235237252380085,0.7447418364082423,9.252992689095779,77.63923475471304,153.36145641125466,65.92044932150442,102.73236480292422
104.82697244623762,59.070915413635944,48.570072524516114,0.1781147027972508,0.467175601970778,0.3911238994792608,0.33150928644105576,4.643443355922869,0.7621293903130373,9.831805492815953,88.67247584128191,148.78517990894107,62.36575569472619,96.0144946301926
110.46481223063998,59.47882727542699,50.67533316670721,0.18695947453356399,0.4024121783354135,0.39963085717196783,0.36474810396989743,5.158410206477273,0.6844637965198419,10.102254349017544,82.0787981216621,144.10036232446438,62.316300555042794,104.79709858963159
108.95256983653645,59.812217320675906,54.337617796779526,0.17457524980759512,0.4219199501520654,0.3979348885540498,0.35920407678578925,5.218155043692646,0.7424246865852082,9.817093848235439,76.75325653338774,149.08955923103838,65.75761683445066,106.91197883686459
106.432033644933,59.66393473716101,51.69004591460578,0.18688138051823946,0.4831784356292378,0.3772022576893387,0.36919345044966356,4.687811046064861,0.7172537773534844,9.486428159665966,80.3479070295264,155.34839984289786,66.58584338324815,101.96193621328572
107.52882965025104,60.84734651973075,53.66155121948125,0.1838349495479877,0.4427391298233949,0.3942116540091619,0.34008109427952876,5.310890665652465,0.7069482966471218,10.273591215042428,76.65740457453842,148.7216564609342,63.841036294666985,102.156817399963
104.07093295798008,60.568156214513564,46.116490794128296,0.18679105445526575,0.4483334147380586,0.41234552764512034,0.3537884302804761,5.061016650151605,0.6701593979012553,9.736243199807076,77.37569094400794,157.92734850694566,62.49853441529976,104.98349660798142
105.06658321490032,56.073888171338524,50.59731387916592,0.17120388178878104,0.5221976292301933,0.36863481014343824,0.37210357356993984,4.801056066264096,0.6761891920042375,9.834565078922521,81.13179962769344,144.9920152471414,65.60468288997718,105.71836156009284
107.03183499788739,57.73282955322184,51.58669194990873,0.18820771315930188,0.45414657824288257,0.40955201863485596,0.34092529804585925,5.416533522441031,0.7390066801678103,9.96482686711891,83.4899117032671,150.1857513468668,65.71898501603145,102.58139669520838
108.93009539686336,58.371418910964586,49.117296046851095,0.17936023612216184,0.4457317403042261,0.3750732981269892,0.32802024530379903,5.087357860286292,0.7541959443650036,9.837625599416237,81.39703214047867,149.67481835881395,64.4911973171952,110.49291536648755
121.81068938093897,61.16207470445218,53.64824834517419,0.17901788038632868,0.4040294913631456,0.3723040084727593,0.30566962140379683,5.1429266401950215,0.7283854251150154,10.076827845699794,79.77119235505154,156.05824185552723,65.46082190484216,94.3966527434179
104.53993271226858,59.27474572436916,49.00969540887154,0.17250237480402109,0.44650234741205,0.40413220681609535,0.3559091512548888,5.113900779135621,0.6944060543306585,9.098002251771579,82.02582869948269,154.6227054302151,68.0518548741264,98.03746991528372
115.20982289590735,61.3605482483812,50.712349498009985,0.1763121803173518,0.456276190205063,0.37633638329687386,0.3448779636846549,4.964871146290421,0.6323115387851574,9.977870992761737,80.77898651263436,145.03224168768605,59.38315919184692,98.32989433742733
109.87565456770368,61.27705055522095,52.486618164718,0.18628313635245825,0.43216387071560464,0.416755034013125,0.3114585390713739,5.036618936020953,0.6971226730313346,9.244844752250286,81.83308252474873,138.29815891046954,64.00368314914125,110.11471214938449
107.49795985915686,60.38892648974179,52.05156238727334,0.18858549706327543,0.47887073858198853,0.4144965100241012,0.3494763505190874,5.02578930180373,0.6462806754541678,9.656034675358358,83.50433052434647,143.7852847748589,63.96557197572413,107.576674123059
102.31513329105202,55.86749262730084,51.311781346981775,0.18276126364136544,0.430603395452364,0.40621271398284475,0.3715884155598411,4.87256097922664,0.6764933128830315,11.011987137328996,82.738648186809,156.09087304640832,69.81562194134257,97.82150558658562
109.12539804377876,63.9911216027223,49.95965093143037,0.17689382226478514,0.47572401351470595,0.38650108477545564,0.38261346205103897,4.7684735974151,0.7726598534644439,10.283408482134174,77.02371002472583,153.76272535264454,65.79502563686368,92.34555070694925
104.17420916684625,61.07308659035788,52.09461911112291,0.18328865665126226,0.4566506176079497,0.39838028706341105,0.3341644834103574,5.125159437332884,0.604372013745242,10.16057462023465,76.66823948830572,160.5366586781569,64.94800611214285,93.1229917667143
110.81016605526065,59.08515148542758,50.21599025032461,0.17252871371185316,0.43801585696810674,0.4222690096130558,0.3635775655072952,4.940333017710505,0.64725521294855,10.33493482780495,82.05996387307526,149.3012716724014,66.83961857167883,102.86709544975412
111.17439089462908,60.91908560408851,54.56899746110358,0.17870856110543565,0.46148239478087344,0.4301147851246812,0.3549421323494204,4.78935350216053,0.7147247981199942,9.711534545578527,78.32470015477774,156.76131422806364,65.19126598114222,85.79892159071309
103.31744572558146,59.29777356168147,51.207161081434386,0.176671047265809,0.4789882955541518,0.383604890000832,0.36384784478707166,4.926687939937611,0.6547370409956198,9.806148300050355,78.71264227317806,150.17144618494234,64.45616455842095,99.23345705299911
115.19440159378347,60.45190682227018,49.82891378655204,0.18554140462676683,0.4634575824831332,0.3578076351188619,0.3524346263559327,4.88423366753898,0.6865256574733603,9.736341207547222,76.89901620604931,151.51025971023628,61.853749598047244,99.69229248169447
108.61986388572468,58.65295326559109,53.9210628525465,0.17227143487248406,0.422016371813814,0.3933284622273363,0.31313574964905966,5.280502638722645,0.7517548998897825,10.455434882888714,73.78589764643942,148.9440127718201,66.72083614115262,100.86076911322566
109.67839449422192,64.66335989603283,55.27221383979329,0.1778701055061393,0.46559485922799726,0.40056253392765023,0.37813444166280974,5.080432176632273,0.7226173744180633,8.99509996718715,81.17272989892422,157.5895468719706,64.5028915537727,108.99304057467256
111.00757763783359,59.819993107249196,52.605761357179055,0.1818264710145697,0.443001214682067,0.40437843522327466,0.3625385695130857,4.695530581463699,0.7593856739895638,10.300147833001995,79.15524088894665,151.40895840593623,64.50036017368255,102.47192463142703
107.71599915049552,61.293850395373084,50.75066809884268,0.18297456528207126,0.46514838716333046,0.4134618932981492,0.3462164757163762,5.006662584996784,0.7309582150109794,9.46537707955389,83.16212423372887,153.49239191412792,62.78263601478644,99.69314226705193
114.90030285368806,59.06299651034631,48.73826443897856,0.17334015276580753,0.4665254216551591,0.3792919296721977,0.34891706033232245,4.929344603088626,0.6554216741099348,9.980293422048971,78.39497471886166,151.86476389353933,65.6413214237446,95.96928828211229
117.89300063327892,62.15064673453916,50.52333390259289,0.1771646607426423,0.4466244506535108,0.3784253930368972,0.34993053747675873,4.881725722688138,0.7439764171076841,9.808421950465657,80.52208417872525,154.74335397622016,64.70261674804843,100.97867813352612
110.72364144186348,63.44939961543574,53.49405591855192,0.16925993151776697,0.4684798305854058,0.37621843157171103,0.3602703330017081,5.14289554853217,0.6787268276823396,9.478999876239667,83.36940451491942,154.4453145345739,66.49828823057157,101.40833122307306
114.55576531265949,61.01033144719702,52.94807873461896,0.18409481704482156,0.4358173006960423,0.4100500661801254,0.36127905970641105,4.941372567076405,0.6974491580177633,9.475927061852794,78.99874554594636,152.77996209104995,62.876017030591036,106.89812030253115
119.51825744092952,58.95842800471742,48.21410615282202,0.1774969162278273,0.4726651081255897,0.3943249141254061,0.3126104291825091,4.745788270057056,0.7617377574861772,9.128821799084902,79.85195523428585,156.2563481027944,65.41769795482868,93.1220802468275
113.51877908683583,61.12319820947279,52.24654199139079,0.1778042247041565,0.44015129775286566,0.4125500974654574,0.34228136064222325,5.02704543342853,0.6999973426740891,10.372608134181228,78.99790873678593,147.2251064548886,61.314760851708286,96.0345350540597
108.98006033532812,60.281731723540595,48.41651057440381,0.17675804097358436,0.46347238844396405,0.40890441529831684,0.3381822536392131,4.8321195228329765,0.6335511817528131,10.098301068641806,82.64807315162348,150.94943102103605,66.20814704243693,96.09425915932171
116.18543726360085,62.35522100459284,53.01584896287743,0.1874460315857573,0.4544540924309839,0.41114251794690065,0.3560009751868876,5.045656655904737,0.7227405501670852,9.895533268436289,78.4222120320365,146.22014870535148,67.76765936643866,98.06190281918742
110.86504036598922,61.20055890709026,55.104771451467684,0.1794033261353751,0.43764831710406576,0.3965954665520834,0.33772668821410223,4.833716171976311,0.6249258931021573,9.862984593027448,83.39519242720341,150.15047807555277,63.28114690060646,90.63386095380972
109.23812257483581,61.325489996186505,51.26382593188029,0.17526815017358435,0.4763274697987507,0.40623644550922083,0.3449595423519353,5.373729889323546,0.5932401072283664,10.616270807018495,75.46810996238256,146.1325736942618,65.8736456620206,96.91808045304202
102.91610889432525,60.24406408788526,53.83405014763883,0.18489019581355004,0.4202990117098321,0.3900146739191954,0.3117293532334226,5.3188602120667605,0.6940729155888478,9.578410326884905,77.95257959178234,144.9907141391437,65.62324115194798,102.79490003371538
110.88492429872278,60.089192414657994,50.730919996014336,0.18281883929062775,0.467947034567165,0.4066674680032233,0.33554879918043234,4.970498548601056,0.670650129643538,9.448826282248689,83.46979440392246,143.90730070267998,64.25767378659617,99.88893234802613
105.84719528722346,60.625690903480255,51.36282117124567,0.17954889153076345,0.4425408593684895,0.4029625003759717,0.33248651581852956,5.324590466620652,0.7306963993549959,9.889386444976642,83.53884392298666,149.1308648235853,68.70706207474524,97.91832520818019
111.3806127150816,63.15142654696834,53.36999252277897,0.17524750665924152,0.44930549053501034,0.4043203260334426,0.36429820509615707,4.9162215765870325,0.6959298389405665,9.917022673309287,81.56998755421758,150.94039672864852,66.99063241515938,102.04793104771285
99.43122647949225,60.47287939190835,53.63858453826568,0.17997233137439714,0.4501750232304447,0.4057540251287978,0.3629748259340851,4.99242003095738,0.7499083461422574,10.020050890195394,73.98337775802686,139.78427929395588,63.228810364129544,87.88078237946108
104.04556455636731,61.68206195991832,50.905637124906946,0.18241107162403486,0.4353993980317575,0.40616933974983616,0.37254005679223695,5.3507770727843065,0.7723008634106544,10.148275501722235,80.6154326513008,147.01002719390607,64.32866110187565,104.73625270464076
117.37996204090338,59.50465048962965,54.31874991769155,0.17907534721785331,0.45818498865208196,0.39738080186330343,0.3292226915196643,4.921949149208106,0.6206538542735134,9.145354830930096,77.1631803966188,152.142008076354,65.44507187212147,97.99551441848631
118.78717832236057,59.7376582472099,51.74373823004199,0.17932496980301785,0.4270145623607843,0.3959032450366297,0.3469843237052286,5.161708168111562,0.7460128822558134,10.011987577376527,78.7291983388289,147.41495841140846,64.69634611553587,107.28023815934314
111.78704409835632,57.91804783756926,45.615815898887675,0.18450945794980556,0.3937714791520686,0.3918975120729332,0.35408063579951854,5.021445115193685,0.6960092593267571,10.531504438190813,83.30285068486637,154.54026378729412,65.90567331205759,104.46653165366924
111.30358123435948,59.90981198113941,52.875783307551245,0.17578345330324857,0.4486489582553915,0.3669961977886523,0.3756436324118317,5.302881374939071,0.7387049754715304,10.923464383105037,82.10450733993689,147.5883429086418,63.194034206554726,96.26411860128572
98.07550826518784,58.89413795798263,53.00937341388664,0.18351818658930763,0.4202777066933309,0.414894378044414,0.3608362343819961,5.019090622174525,0.6808624729148139,10.380164168514558,81.67244601436543,149.06368289633608,65.46278047447859,96.55065605747227
112.13337960871472,55.666597750820564,45.97728882572904,0.17805219558187407,0.4710330637533372,0.42673890014848975,0.3688438601922695,4.779170606248851,0.6744912220677923,9.393922201010756,77.04584714937462,154.55067729832157,62.539295393471576,99.53940833652553
106.27601378595311,58.24798256448095,51.46637505779167,0.17383759349267128,0.4471848652746491,0.36834438200265784,0.35944623929756003,5.128249892555231,0.6034629754578765,10.051175412125906,77.61476497399826,145.19985750077598,65.92732638480723,102.331025396904
98.63281456833667,56.991873365767184,53.364337589201476,0.1841405282673999,0.44944353165980433,0.436250223010609,0.3852825285913395,5.026010445970615,0.6957633869873922,9.808590294524594,78.99622129439074,146.68973215542889,63.6063230763012,94.99076495980198
104.43105361042015,59.40139116696631,52.24009123102065,0.18376923744566417,0.4257940408019434,0.4239505897044526,0.3596664444070572,5.046524523766516,0.616549958106145,11.06817513117754,80.73748330875837,155.7768952020544,65.13701926853426,97.80038674521569
104.10466158034697,59.12993285013022,50.34621765845757,0.17619117555830893,0.46732652495837695,0.4093037127634612,0.3517010298226123,5.114110473312565,0.661728839916805,9.237674537436003,82.41351413114712,153.0125159501835,62.68757788444159,107.36231776812534
112.89251638845329,62.506516708965385,50.0313495975238,0.17624476838741174,0.4341797383059432,0.4003813288549838,0.3611109573567252,5.215883619039773,0.7810109020700687,10.004233960388248,89.18669701182986,144.99149840241788,66.78613920861717,103.46651059033772
110.4668246249948,60.196039971640076,51.92178414436949,0.18584283084070363,0.426146051865813,0.4013401393616671,0.3730159884209788,4.874326790325053,0.7528273003757676,10.905130949231753,82.22718217107793,145.6372164296588,64.01344334153812,98.77497640641711
121.65707088253232,58.74738330891667,51.282182995821884,0.18093409167885957,0.4211937517212037,0.3871925197562954,0.3722078970707972,4.774986395875332,0.7081107605897828,9.188142659659542,79.14398043404387,155.11118547486547,63.93337012710511,102.50037780502933
117.0954829246608,59.03380599842859,53.25245441501303,0.17127713492634397,0.4340235211395833,0.3889124417407969,0.3295942956449145,4.871124741519124,0.8084047115188199,9.889555240226935,84.70447657469856,150.13648112338646,67.8108731961314,105.77694539527684
110.01105479019606,59.05884310210356,52.53234979835934,0.17596159088307176,0.4717915648789396,0.3961146837934752,0.34694525744681315,4.761266777771937,0.7429211705482244,9.202002407352218,80.58088772056367,151.82544017601495,64.47263502425504,94.89902423291245
112.43868930409232,58.94439919067144,55.0733840282386,0.18199710739663416,0.46172554126914445,0.40847777382382233,0.3345150626128192,4.82616878391263,0.7006925701604046,10.082026234924367,79.60168536694796,159.68205966947164,62.24995751514945,95.60943676671346
103.47786694017803,60.880858487600584,50.938055515633565,0.17748552520048713,0.4492135022302019,0.36529028263351193,0.3426485881319694,5.35038079354856,0.6530543335419485,10.189152671801102,78.0289739065954,147.56454065623993,63.731340051856606,100.70990537329124
114.07888521185315,58.7816219682448,53.03215272995408,0.18487663693727996,0.43835030086803156,0.3894993529467403,0.32521656601361676,4.913575814103324,0.7643418057066942,9.804265588265789,80.26217179879627,152.6751090207593,64.05430669947596,100.1724192631166
108.08669847970816,60.46934684031187,53.02944920587542,0.17821989551384218,0.44530772187847795,0.38077373166275114,0.3902872412482807,4.93929460720974,0.7690602159140112,9.593653928429221,81.15986588138388,156.9440840562919,65.81665647292799,103.7407207227348
110.69383378366403,61.96356584245909,52.087759745523634,0.18302146330490368,0.47705158157554,0.38710021590835064,0.35081316288526926,5.054300150150134,0.8728207621763551,10.510022225207738,81.48713060715465,151.47139771003748,65.20027114808322,96.652242380229
111.62214126302842,58.92116424982721,53.58215855795944,0.18056429094133247,0.45690874309351814,0.3758912755186371,0.33587428890526394,4.949391963039386,0.7214727974244076,9.21488756334836,81.07429974792797,147.46996392130134,66.23139704261762,97.35008570850647
110.18391774313999,59.94716953613364,48.89349045772001,0.1821229817494145,0.4538464409205046,0.38896974227770476,0.3373893154655275,4.7737199929612,0.6581303636289481,10.243236722528955,81.84974094962865,150.58339381476495,61.604542830651866,94.09790145777454
107.86470515888925,63.34752012682047,51.372758712603705,0.1810433036120081,0.48046723377353606,0.4007510897146554,0.3570971674011879,5.038586021983059,0.7209498311182417,9.607628605873083,73.83601693677322,150.40696731639795,65.16136835251639,91.807483691295
113.73763002465694,61.03737108982269,55.854270154957995,0.18048882573615155,0.44624959949323584,0.3818780554839741,0.3320428485159066,4.929861514285919,0.6295346393326351,10.253203860014844,81.62775201393544,146.0027602139825,66.52680619376561,90.41348495096159
113.88457478079876,59.32152634704266,53.281150722739646,0.17433672523252286,0.45209450701557546,0.4147693254659244,0.3444579198342084,5.389519920436524,0.6855719924237059,10.1842103259968,77.62031419701495,155.99576980917573,62.099031360102444,105.92147103392067
97.17944489034625,61.225946936053724,52.18518764633771,0.18626640333676245,0.4177901651236731,0.4074544663096643,0.3582413627289486,5.243068925149903,0.7267374981282413,9.365225296092284,81.0559400061528,144.6722709381917,65.82955917450516,96.58739450306344
106.88855141101963,59.510576186588764,54.192589476991444,0.17794886133966925,0.43641020632470917,0.39460611357425324,0.36150255482811694,4.890483065781852,0.6953975492329337,10.046474271457907,77.53382245199205,149.59943631421766,64.82772726252058,101.80012157450062
109.0515898368474,58.345186235212516,51.80477526313091,0.1749140558647843,0.43854945214335456,0.42192342031918056,0.3494426761227398,5.149396374319819,0.6819059982826854,9.339743012865092,81.61410042894786,141.62050944111465,63.595052816754276,94.8475389107933
107.02687431556755,61.71888462508582,49.880625115198235,0.18799909502619197,0.4471650979973048,0.3850929283158653,0.3381367315028258,4.861538061779689,0.6970102343082085,10.925973978877995,76.12904234249838,151.3183160843737,67.95201899202203,109.1382334758879
110.80632527507593,58.12161346249093,52.46694013751732,0.1773929325972322,0.4563802846453793,0.3952577453632046,0.40204796168458024,5.13075736584153,0.7582985507174929,9.787528483326643,81.55808823502899,150.00149342077378,62.20648133900736,101.35400218031226
114.33667691835626,58.59696820165457,53.80613251469079,0.18755894995951883,0.4358571373247155,0.37693472931904404,0.3391556342443298,4.52568410873306,0.6760035289945993,10.211666213777772,78.50110660451429,147.0737436270031,65.1937274714246,99.75783210993833
110.72241892112501,59.624578168887055,51.38246846609739,0.1698858013170689,0.4561960903013317,0.36841837940452493,0.3473723405067651,4.834529622455701,0.6655838998445462,10.322405452069981,81.45856923428157,152.9830885153915,66.86209444635537,103.87223673217967
109.21300114074216,61.58917358899295,55.20126316787917,0.18208825075446092,0.46596498897914734,0.43413548029050775,0.33811522082704054,5.087214276991844,0.6771583634652096,10.830557127852087,81.3843736767717,153.9647936983884,68.56316964329577,99.00092606596232
115.31768702986082,61.20918931455553,52.54927703600724,0.18049831466249489,0.43831447284758734,0.39249511629035205,0.38578621007960334,5.065783707407625,0.6723198640391916,9.335553341864443,77.37044025491484,152.6302770091218,67.46866322342505,96.05062349141141
111.99367916712158,58.658372332448685,51.96227114718318,0.17658870960963288,0.4498845239056819,0.3786940763207398,0.33122222231032067,5.059616929903474,0.7171806010611665,10.271701216766875,75.09957334875331,139.96352203636008,62.761213329295636,106.12600256277368
111.6593062730253,59.85745167264093,50.860379157334755,0.18595231917953578,0.4573424270727645,0.40021319266397914,0.35009601999841744,5.076341654501797,0.5707745450193485,9.648476423801446,77.77390956342197,155.53090534850688,61.833525162525206,98.74645507101364
120.7806910846524,59.17855443756895,56.152143700492616,0.1753191554125176,0.4206213188495001,0.40606543418671515,0.306428028571872,5.245166701127828,0.6870417887755882,9.93678443247673,83.48941268642304,146.69370579354074,61.24400140073089,97.6912861553283
115.83527156414262,61.53662858670938,56.70255932268579,0.18085003183554418,0.4716651378050606,0.3786070698618584,0.3370091794160317,5.386197784039544,0.6750611316531788,10.197092445903435,77.82895231709817,145.19328068426196,66.63531444062356,98.34092311633397
105.2540951370833,60.50819346751236,49.686638483847716,0.177881928491655,0.4386917446181301,0.3948827201659921,0.3683569569665327,4.911549452939326,0.7079746086707752,10.408860016651868,79.62629482743559,152.63019868410134,61.832139608571815,108.22663538099577
117.18683978586209,58.512877028184164,51.96202180591926,0.18458260786525002,0.4503109573051002,0.4285604137371567,0.3398291078449982,5.2622487302991345,0.741458483353475,9.772472764118742,81.185826888397,156.24872537749175,63.4158294706357,102.22249133347714
106.65696002841406,61.53829860983028,50.55369578114455,0.17503089023030857,0.41561655196669667,0.416631325029177,0.3244088632210508,5.143785492421328,0.7166881837914834,9.739158160581482,77.2401207738268,157.93280411200845,69.00914292368567,104.54109610341042
111.45474351799093,57.25442078161863,54.374854844375996,0.18131034009885086,0.45886231277508505,0.3962421570896757,0.3299509355403471,4.930861870867045,0.6960104063950433,9.36163690482665,79.0215367090341,150.49526535564652,63.35125925896611,96.57037374117887
100.88612517918311,59.15148011613034,51.895635163931,0.18091864926336904,0.45865427874824494,0.37346859184690123,0.35932739965567556,5.016824996297151,0.6606093165900694,10.99303612585666,82.87702422410928,144.91279666930734,64.51984814463032,106.19397620313755
115.37991938724636,56.072741905879916,53.939494235200286,0.1701584908995033,0.44660352961685323,0.42900733850186923,0.36860619519889204,5.333663582563745,0.7202969001725251,9.631766771767234,75.17789587343994,151.6244314975953,63.88033513560997,101.59730219101417
101.36733967630235,61.75487924763636,51.815974546690654,0.19564289129603724,0.4319287202781535,0.42591854708477456,0.35046652430458797,5.035362897454424,0.7142577816528141,11.779983609317554,81.52069870200343,150.22756338902508,61.865283205305246,97.30819665805392
112.40888143700306,59.5678385462732,50.16238401330256,0.18145548892491675,0.4582897062654562,0.39397334970852227,0.3286953777606225,4.941834368608592,0.6713822886754213,9.88431879597665,82.19464489613551,144.71247355108952,63.659351026107196,90.84184423422198
120.81653958447384,61.07297046765113,55.165846906985635,0.18250286949123437,0.4192800128190473,0.3957849808569063,0.3517363081245811,4.957927760933751,0.686595696329298,10.40855647270056,74.17638061885427,141.72068429212285,65.07034966667344,98.72846777277218
113.16807531946047,65.2654134793525,52.39139307336466,0.18422822948915207,0.46438862750215165,0.4165779608847278,0.3471296524818653,4.913717551218126,0.7052708835261076,9.680825405860555,82.73981185916075,152.17738024305618,67.71774315381512,97.17097651092617
110.18915657696301,60.45963249758689,51.7118403062745,0.17847399367072,0.4640375613755272,0.4230871319097342,0.3505452268926843,4.62343692646342,0.662252685030868,9.947399998990168,75.81155306079344,147.993785609691,65.48646229322677,108.43188891933119
104.8213814294075,60.364962302152755,50.35637518848387,0.17777375664356562,0.4639825179852161,0.42422135922520765,0.37206186838942484,4.688514236192772,0.641674540589809,10.148606844089276,81.30257797005301,139.13571124144516,63.53426254715808,96.97142038865046
108.32631175901726,58.81294309843927,52.707888911895864,0.16920814056554553,0.4737152921255763,0.40717804658104384,0.34493894302120615,4.951566756794373,0.7563511963422864,10.104118913253663,81.44593519459143,154.02942009154543,64.54527149503308,94.92872941308865
114.3223673769879,60.39704768254717,54.450120040700135,0.17750970015004788,0.445770326743907,0.3969825076741985,0.32568615683158986,5.0215131198405505,0.6721807219549403,9.904699166089939,80.12993876621363,144.6143732465942,63.71923619752666,100.23450381799407
97.86002754078552,58.983327781598476,51.52137265188354,0.1798101414805108,0.4556367472038491,0.40101706700742124,0.39486493955774826,5.372931130624983,0.6785257214585371,9.836766660038373,82.92262896109497,152.83205910895683,65.15529299133867,101.23754951522612
104.08825381236021,60.981293955134994,56.63974331797013,0.1828974397393517,0.4643187409850931,0.3931228285259364,0.32010406105234884,5.027119408097027,0.7635066140871811,10.05718212863518,83.44613686715277,140.18192793273104,65.23572929165664,96.9955258963441
115.87834231767924,60.85859166409624,55.44924381731683,0.1806248472643848,0.4605101949368227,0.40846146827496366,0.3486358462535164,5.193692778788818,0.7358181096000893,9.932431619220596,79.61639990737228,146.0021541371817,68.2361233405018,95.57102033918697
107.14359566271891,60.390362835757365,52.48185762553429,0.1813781884279421,0.4319000696040868,0.4282439161272299,0.35593660394027465,4.924526641231285,0.7032736336969718,10.517172431799413,79.53558334496473,135.32070858285786,63.207410839432676,105.24637785454298
115.20752935076868,59.39175520555971,53.375643213066084,0.180989175205303,0.4462231933210959,0.39138708028400476,0.3259076770591672,4.976559460935594,0.6609160515720963,10.367436206594174,74.38362244712722,155.7717795244682,65.4401099896366,107.79862629575688
112.67320139814673,59.49820592858719,51.452711157945586,0.18199073024164772,0.4400812207466536,0.3817220737387753,0.3950222487072523,5.309124970713737,0.6427557388140194,9.40488894480488,79.96114834333989,150.66972577317068,66.92392272640765,97.84747738593263
104.82122372413552,59.690239973868,53.30098685864807,0.18198822571696258,0.4547660217571113,0.39788767046934875,0.3766758501688218,4.820841864062772,0.6842999475716462,10.02263557464097,82.91937979775079,147.75910358045837,60.37107179926754,101.80313779913328
108.6160522302347,59.4658386038078,49.958467083999,0.1810285082589211,0.4532084643235114,0.41565846628251313,0.34307628467955503,5.0030835041594495,0.5999534025093854,10.011858976907531,79.34430056966328,151.43374312483175,70.62091393755473,101.22266775537314
116.55935725817884,60.78625633818774,50.1052535906251,0.18455671381915884,0.4699847958671971,0.3785383936172141,0.3332225259905078,5.394845493637739,0.6883224437405703,10.202473009133703,79.64605306423366,151.9407434288157,64.52369994246449,96.77194605899275
107.71520824184577,58.337095504554824,56.93317629580475,0.17252957004152367,0.4662961772621833,0.39959986671551195,0.36411940433898493,4.826771948936221,0.7068294057046716,9.484428346345686,86.04078817989591,150.13988616416015,64.67157948132653,98.54975090701966
109.21713768013394,59.196570114845045,52.64941182161536,0.17823811209991045,0.4734039562944357,0.38450236878774346,0.3940851772477213,4.679193511215238,0.665831927253513,10.217765102460957,78.92417669275657,143.30891020610892,66.22400067980051,104.44967489061044
112.18111860514831,60.47478904467877,53.87553089551298,0.18378661332942323,0.44272350449829934,0.37823132278586563,0.37939312510840084,4.9017728002927985,0.6319805902709145,9.905828369548585,76.49342472018093,153.21179411354782,65.7470147448478,102.74140953775859
106.59210595676875,63.063456357110596,50.61995261600533,0.17982454429354267,0.4791745328512928,0.4260804344325043,0.34767478139183655,5.0957140046079274,0.7868452100769131,9.968766576018037,81.00975141732994,147.20293043798682,67.34355486618931,105.18068268974837
107.97760243295532,60.321627869609486,53.084459585937935,0.175636826032499,0.467365081362777,0.4019653883155825,0.3692237883256343,5.063494789218816,0.6514397908380749,9.96544528307288,82.36240762251037,151.2371803507951,66.75415663279598,105.98292453960653
112.02866595510059,59.31623751929299,51.902515617729186,0.1788916075804357,0.5132298546826333,0.38924228178217174,0.3582929998281325,5.073772321427549,0.6668951917942737,9.975674524411394,78.23950220096688,147.60844015540152,65.74600647994198,105.38509206307893
108.46803712192397,59.19330607502746,47.93384978712488,0.17938456110207032,0.46187534481975534,0.40069262468861844,0.35544721844751204,5.374836244687751,0.7185850256941287,10.49237756934875,72.83670261233831,149.77648153310923,66.3662714701972,92.73974296439972
109.45013248272359,62.62494214013048,51.5476482052472,0.18072012647163255,0.4068778873976403,0.39723357993955966,0.3666344150541328,4.974664092474575,0.7528204097711325,9.978090056999301,77.49835407096377,150.7759027478232,65.97722833730897,105.47493459725165
112.84422617982864,58.41599470754054,52.07778850273807,0.19012855453741917,0.4852259654913218,0.40674400592716803,0.35090180549486794,5.1457237331578405,0.7198710731330635,10.130644194222256,82.04200928536545,151.8572396461128,65.08185229658241,104.43744756303637
118.9018760438333,58.487933879867626,51.832197607020376,0.18728244383625728,0.42879759200742806,0.42062303322095757,0.34700666428494537,4.829435411873845,0.6722674973685088,10.189474474900205,78.58898991195744,154.53778842861757,63.20020283968482,89.99035201917738
109.39411331607704,59.31839565262651,54.26674812314842,0.17800550396062167,0.4513615097845909,0.38785739400616687,0.3724959052906299,4.86253737911543,0.710683124324573,10.507681345952044,85.87467299151672,156.18640075400015,64.18822892782192,95.3093955222162
106.74780531828378,58.06526137747403,53.261258411536005,0.18129909380906684,0.44600684795110895,0.4197092743168787,0.3506524595378268,5.0678612298626895,0.7721820768274205,9.195459501603631,76.35997425245573,151.6751761691361,63.5651206010936,99.72220565244999
124.94669282942561,58.956164389804755,49.24435278378154,0.19013373415028886,0.44737026645089134,0.3932273241305368,0.35645582226684625,4.981531299077365,0.6950148964781232,9.337563993082043,79.68998972016976,155.07836212980516,64.06905104317283,102.14893137629286
114.91443830025419,60.41735612518138,50.59026096180877,0.1780741859276727,0.4833041221336956,0.40540126766446244,0.3562524194592372,5.004250186092744,0.7103856895752005,10.068459655514763,78.07655865478057,147.9132308589092,67.24460444378947,112.01971031653132
100.23232716701375,59.202409593214945,51.677486938472605,0.18412451814513728,0.46690067267738283,0.3782315276013002,0.3421706604058464,4.7733342669160805,0.7430122835476791,10.380283374078012,82.9836875595619,151.37589160633607,67.51396187325331,98.09952221564681
107.54305178218878,55.95751292237526,52.12353427831318,0.17885493645117465,0.4604714264891408,0.3783182427812503,0.37466818634671745,5.073182825235478,0.6701585482336432,9.398584053610534,82.31795905366879,144.21821110236473,64.53147323571564,114.56730030910268
101.62807439328213,60.5183343827987,51.95181512242615,0.17554906261246198,0.44342867756936305,0.4051455492212633,0.35367210231584056,5.14484808121995,0.7071898021017751,10.339575333824632,78.53782403363654,148.6748173008615,65.45304576626665,95.97113051569892
113.95160757520398,61.387479646000976,49.21145761677855,0.17928595178149814,0.4463322421919731,0.4016741641041435,0.3292911639216274,4.936352456095354,0.6533503669457923,9.679552704944383,82.04201384439439,151.9360873082537,61.43989932810429,104.89435500254059
104.0950455155687,58.744583480409176,52.36160475753676,0.18059196735687105,0.4551717727206533,0.3942981289735199,0.3517568369780784,5.193587484591408,0.688476411291411,10.154195931330069,82.17195166435357,140.94770699790973,66.18664665475613,89.45430479355137
107.63959187087451,63.46397235671261,51.276225804948844,0.1865555596022511,0.459009190431474,0.40397426706607537,0.31681575069981366,5.250133969127464,0.6396034085272058,9.762299045835555,83.83626839487728,143.95592216305397,66.45199675458421,95.30717012352963
118.66130551649125,60.26522965577397,47.53220852374079,0.17648628705587743,0.4490160924526501,0.37993743520048895,0.36841564030504576,4.328610324944514,0.6768251966179495,9.913536243063737,82.03554144536749,142.27044893024538,63.83143726656253,90.11165755141218
106.80921708583276,60.452523732381486,47.32349267375554,0.1870800131001637,0.41542151697638807,0.4205921976078709,0.31552459348034445,5.079308565654106,0.7118998572479931,10.33383305757368,81.7064432881047,149.57434944549706,65.302957820839,98.20713309621583
110.18585807502535,57.24940298323629,48.81826587680993,0.17936440638779594,0.45817303401650095,0.4329246967453967,0.35170604931012633,5.214857369740272,0.7003907862065358,10.871751379677944,76.03914462810789,153.24554897696646,61.93555964911091,99.90015228367608
112.03408264128527,64.63017286239098,50.12265284880512,0.17952403035725475,0.4514369978055216,0.40054099328695003,0.337786436661842,5.207511907846661,0.712064280764001,9.829245043645876,81.72862316758905,156.18846096358146,63.196845318193986,98.02252653647434
115.40158074090498,63.95676021528176,49.1344641929766,0.17537825601139947,0.4346799163564181,0.410224655250379,0.3592197427134734,4.879665652273432,0.6866766488436916,9.203144803400393,75.69687886872546,152.76627535151428,65.63414018680672,96.8642704308495
115.61952803746249,62.45265462838357,49.820324369993145,0.16996101719100165,0.4618967877312901,0.3936669944640813,0.35427567678846134,4.738352148102007,0.6417503075174158,10.157893304930058,84.10849168078491,150.98747509172514,69.39979116922217,108.05197286130107
117.91705301441284,63.326310115239906,49.057446360862365,0.18054194958051378,0.46675835158546874,0.4149054151636607,0.35512580189126475,4.849772844706177,0.6401906460153287,10.260135951312794,79.45429286463845,149.0674692458943,65.83957746047302,104.17149316036205
106.8384139841906,58.543461197351654,50.77437177292476,0.17641185997795333,0.4463127704495767,0.3978282311084528,0.3796292720374981,5.047919554269722,0.7313324555758615,9.947364783111787,77.84943821952676,145.88628684541845,66.1893185485611,92.8353152688108
112.47401763490726,58.82494087421489,52.875310165243306,0.18047438162343982,0.502151349395785,0.39229891476896106,0.32866049947009507,5.220624386887655,0.7270006170116621,10.273152691260377,79.28018806693046,147.30014209816875,65.68358257992844,98.74695028607883
101.26684853727699,60.73918461659077,52.722055944200825,0.17877870780743813,0.43275994976139565,0.4004269315004787,0.3510674898492941,4.963174554652269,0.6869987571868064,9.694950529464862,80.76498655212448,160.66807827968125,68.2683472646785,97.80368689392425
110.07647080678541,59.98729982589768,48.466483080711974,0.16980455672947067,0.44960246513237356,0.38728616819715533,0.32257548873692543,5.124266740907734,0.6971772703291486,9.836955625249153,81.60284752795025,146.97227791366336,67.46543940807004,100.56505295161548
109.06050009832131,57.70430856441303,53.55897932869361,0.17707059099000536,0.4559843988424706,0.39706939703084493,0.3746813823239286,5.129321337308377,0.8079616482794115,10.340692930126698,80.05852151764094,151.01225654536296,64.9447591059808,99.0713027287005
119.07332424035026,60.31333330234257,54.681529229351824,0.17948103441493987,0.454638301661638,0.4091155650384455,0.3720086071799327,4.826770036845128,0.7866991732891916,9.89901542019849,83.93391645404921,157.76733112298905,61.65169191824512,101.22669489225454
111.63110760937509,61.62119034759069,50.41153418102973,0.17962432222296632,0.4741720491958597,0.38263844978044464,0.3805691184732903,5.120888144293076,0.7116725997007607,10.684623199295757,75.92973505551512,151.94580684811575,64.69390766027465,105.29645742598
108.09086649904292,59.468301372463294,55.4500434369184,0.18032082428683682,0.4377935685385719,0.4117249019509553,0.3704556554903895,5.088841711627849,0.6704234687774315,10.467225519362811,79.2846327755424,148.1362801903694,59.47035802419269,102.1479600416127
108.05511836791834,62.86425997122795,52.012674504415344,0.17964700432642952,0.43167940314793707,0.3927718538488207,0.3611756367216581,5.034425250862832,0.746504386567038,9.467576061313887,72.58490806189914,152.19987441974922,67.66901063252243,99.08733479983927
105.26541628880224,60.634240876141305,49.60719690731295,0.1754808206229292,0.4875474198960547,0.40886956211643954,0.33618657903175103,5.086601758442419,0.7128981248078893,9.543790138878004,80.60249717710603,150.45690588051713,64.43835550659017,100.25358422929025
107.33079300340074,59.07941450903463,54.899230501748306,0.1793479135116748,0.44974192530989054,0.3798619101630425,0.3292505201226268,4.899591909017727,0.6872622236435556,10.191490866920779,80.41973518768647,148.69664070894214,65.82880032207147,100.52759338041699
106.29557040788602,58.292216688505626,51.601433463242884,0.17700071983990218,0.46054469483668287,0.3773721754529133,0.37519287914457017,5.185311938167048,0.6740086311494932,10.236906176443167,80.35851894737961,153.32253457175537,67.32959013661713,96.19149982899106
109.74344844282668,57.73375550443337,50.94514105602576,0.17956726539422257,0.4648151458473375,0.4098663356345052,0.3615560983804074,4.860059070296742,0.7714001954930984,9.40454354868299,82.88377859043275,147.5283528829438,67.12616881812271,88.89075381127878
106.78898630173384,61.71982358344625,55.75054301137354,0.17996225925294979,0.4710471831804585,0.3916887910040774,0.3253105156696577,5.228466580185425,0.7398811086027852,9.546035778609816,80.4375347217182,152.99721650013507,62.45311509605909,97.17211692165213
109.89422151422512,57.22314247065917,54.881041881653736,0.17953805118701957,0.461965070847524,0.40735983704172063,0.3717275168372826,5.114985527633085,0.7385531879816145,10.13454968589042,83.62934313264007,148.07384698043415,62.19608607446458,94.75055769083322
115.09733587464585,61.22592085586617,51.357574742034274,0.1893275242252418,0.4313115781275589,0.43203295000769165,0.3398931415631924,4.98901293592404,0.7055431873830298,9.883170753925132,71.6113235329465,146.023579192815,64.37093794066689,103.06859181658751
103.9228946204603,61.21743071047658,50.6016139240833,0.17441892734268172,0.4451500829553824,0.41815472360123773,0.34721135540402615,4.882670210114297,0.7310497545966484,9.937137954438683,78.33678908167074,139.3286300324759,62.631852182991835,91.3486425238228
105.79967106770306,57.46798699309612,51.91427126113122,0.17085538011369367,0.4520409766751651,0.39378834131927704,0.3603185934728521,5.091881531717757,0.7232520075403905,10.61890468988193,81.55606961993227,142.83763806002077,66.72270430267591,99.19346174590996
103.14652444665403,61.26143155635545,52.359240240727274,0.18219821669967723,0.46353625490098255,0.43593611890105244,0.3339985472282955,4.847144308088303,0.5788629914052406,10.523016917603435,76.55092523169355,153.79514931048527,65.5825140027403,100.04031390489847
120.22349362738875,60.244305757870826,53.69877627342435,0.17700386967023354,0.48071279045756066,0.384635946641307,0.3736079387597589,4.863735740081449,0.733213690496816,10.20004082343204,76.17506267665944,154.30545765686142,65.17935475356394,94.36890685839363
118.36305619932526,63.708603183307744,46.91364958053395,0.18097927303838407,0.4315434331205637,0.36330161620456586,0.37116828946840374,4.71131018901119,0.7380464425166647,10.031766566609745,84.98299795198906,154.65095433693403,64.27506878243918,103.35361923260304
112.36023567232841,61.02409435625954,52.66264756671821,0.1788091083801399,0.45795646542427754,0.44793525467841067,0.34217624643705147,4.946770697948179,0.6784782152076504,9.839455165925031,83.47246458003977,161.17374408209866,67.10804321582108,97.65664540811204
110.05287527018078,59.86486841009164,52.42803472973363,0.18137910810888513,0.45395963610782414,0.3913657644510588,0.328653999234168,5.150809123442599,0.7275725341878495,10.186780821175539,85.0329931092685,146.87516330841876,65.45243474230877,98.9098476790538
104.91695281738518,61.24359505207909,51.276102392372756,0.1775604023193805,0.4562789816158897,0.4183664202428703,0.35876100591024906,4.896130507407413,0.6588769333100363,8.814349521554405,79.47001107629201,151.68565625360995,67.09785964176707,100.64135780404474
114.96355863455027,62.772031436528124,52.335821894693915,0.17724015744327565,0.41022851613987626,0.3881596839313296,0.364376281975956,4.964492734654917,0.6665987827528842,9.719129528535557,81.36026348361655,151.92563182496679,62.72282779373201,96.73045731202683
110.28485938986047,58.51044303866872,53.35357471333366,0.18944284105445003,0.42574751087730445,0.41794520138110863,0.40083729807100543,4.777609667776461,0.5703415979578107,10.00987898864862,80.76082473712016,150.71671625857036,63.03628338394034,101.1934929565543
